{
  "project_info": {
    "project_number": "156555157369",
    "project_id": "salim-venture-company",
    "storage_bucket": "salim-venture-company.firebasestorage.app"
  },
  "client": [
    {
      "client_info": {
        "mobilesdk_app_id": "1:156555157369:android:1a80d80e3a539fdcd899a8",
        "android_client_info": {
          "package_name": "com.salimventure.accountingapp"
        }
      },
      "oauth_client": [],
      "api_key": [
        {
          "current_key": "AIzaSyC7ErU6PrZ3BUrVXPpLRJ5IsLcFZTBMSM8"
        }
      ],
      "services": {
        "appinvite_service": {
          "other_platform_oauth_client": []
        }
      }
    }
  ],
  "configuration_version": "1"
}